{
  "quickadd:choice:87f52bf7-cc5d-4448-ad6f-3268ba695d05": [
    {
      "modifiers": [
        "Alt"
      ],
      "key": "W"
    }
  ],
  "quickadd:choice:d7a9974a-58b4-4cee-94e9-0570ee9e99b2": [
    {
      "modifiers": [
        "Alt"
      ],
      "key": "S"
    }
  ],
  "quickadd:choice:991c4b27-316b-4a46-bb2d-7a9c021db0e2": [
    {
      "modifiers": [
        "Alt"
      ],
      "key": "D"
    }
  ],
  "quickadd:runQuickAdd": [
    {
      "modifiers": [
        "Alt"
      ],
      "key": "N"
    }
  ],
  "quickadd:choice:d770207e-6419-4c3c-b479-2655e3c6ef1a": [
    {
      "modifiers": [
        "Alt"
      ],
      "key": "A"
    }
  ],
  "templater-obsidian:create-new-note-from-template": [
    {
      "modifiers": [
        "Mod"
      ],
      "key": "M"
    }
  ],
  "templater-obsidian:replace-in-file-templater": [],
  "editor:open-link-in-new-leaf": [
    {
      "modifiers": [
        "Shift"
      ],
      "key": "Enter"
    }
  ],
  "file-explorer:move-file": [
    {
      "modifiers": [
        "Alt"
      ],
      "key": "M"
    }
  ],
  "obsidian-read-it-later:save-clipboard-to-notice": [
    {
      "modifiers": [
        "Alt"
      ],
      "key": "/"
    }
  ],
  "file-explorer:new-file": [
    {
      "modifiers": [
        "Mod"
      ],
      "key": "N"
    }
  ],
  "templater-obsidian:insert-templater": [
    {
      "modifiers": [
        "Alt"
      ],
      "key": "T"
    }
  ],
  "templater-obsidian:bin/templates/new note.md": [
    {
      "modifiers": [
        "Mod"
      ],
      "key": "Enter"
    }
  ],
  "obsidian-emoji-toolbar:emoji-picker:open-picker": [
    {
      "modifiers": [
        "Alt"
      ],
      "key": "Q"
    }
  ],
  "templater-obsidian:_bin/templates/new note template.md": [
    {
      "modifiers": [
        "Mod"
      ],
      "key": "Enter"
    }
  ],
  "obsidian-completr:completr-bypass-enter-key": [],
  "obsidian-completr:completr-bypass-tab-key": [],
  "obsidian-completr:completr-blacklist-current-word": []
}