{
  "main": {
    "id": "2ffee5e85b426c89",
    "type": "split",
    "children": [
      {
        "id": "ace1b244eff722b0",
        "type": "tabs",
        "children": [
          {
            "id": "dd17084d328e1b5b",
            "type": "leaf",
            "state": {
              "type": "home-tab-view",
              "state": {}
            }
          }
        ]
      }
    ],
    "direction": "vertical"
  },
  "left": {
    "id": "9d449a0382ed586c",
    "type": "split",
    "children": [
      {
        "id": "e1c6a1fa8a203fdc",
        "type": "tabs",
        "children": [
          {
            "id": "1004da06164859e3",
            "type": "leaf",
            "state": {
              "type": "file-explorer",
              "state": {
                "sortOrder": "alphabetical"
              }
            }
          },
          {
            "id": "3d1f47b0ca9b16d7",
            "type": "leaf",
            "state": {
              "type": "search",
              "state": {
                "query": "",
                "matchingCase": false,
                "explainSearch": false,
                "collapseAll": false,
                "extraContext": false,
                "sortOrder": "alphabetical"
              }
            }
          },
          {
            "id": "6def7f5dc72530fd",
            "type": "leaf",
            "state": {
              "type": "bookmarks",
              "state": {}
            }
          },
          {
            "id": "7f0d822bfb965f93",
            "type": "leaf",
            "state": {
              "type": "periodic-para",
              "state": {}
            }
          }
        ],
        "currentTab": 3
      }
    ],
    "direction": "horizontal",
    "width": 322.5
  },
  "right": {
    "id": "7496b67f21e2e34b",
    "type": "split",
    "children": [
      {
        "id": "6a5d134b84e18974",
        "type": "tabs",
        "children": [
          {
            "id": "76fbae9f068a4d3f",
            "type": "leaf",
            "state": {
              "type": "backlink",
              "state": {
                "file": "README.md",
                "collapseAll": false,
                "extraContext": false,
                "sortOrder": "alphabetical",
                "showSearch": false,
                "searchQuery": "",
                "backlinkCollapsed": false,
                "unlinkedCollapsed": true
              }
            }
          },
          {
            "id": "95e61a76da153b40",
            "type": "leaf",
            "state": {
              "type": "outgoing-link",
              "state": {
                "file": "README.md",
                "linksCollapsed": false,
                "unlinkedCollapsed": true
              }
            }
          },
          {
            "id": "e34073e64c88e9f6",
            "type": "leaf",
            "state": {
              "type": "tag",
              "state": {
                "sortOrder": "frequency",
                "useHierarchy": true
              }
            }
          },
          {
            "id": "2027d3651e936eda",
            "type": "leaf",
            "state": {
              "type": "outline",
              "state": {
                "file": "README.md"
              }
            }
          },
          {
            "id": "2a069563e07b35fb",
            "type": "leaf",
            "state": {
              "type": "Strange New Worlds",
              "state": {}
            }
          },
          {
            "id": "fc3427b65f4befb1",
            "type": "leaf",
            "state": {
              "type": "podcast_player_view",
              "state": {}
            }
          }
        ],
        "currentTab": 2
      }
    ],
    "direction": "horizontal",
    "width": 200
  },
  "left-ribbon": {
    "hiddenItems": {
      "switcher:Open quick switcher": false,
      "graph:Open graph view": false,
      "canvas:Create new canvas": false,
      "command-palette:Open command palette": false,
      "templater-obsidian:Templater": false,
      "obsidian-read-it-later:ReadItLater: Save clipboard": false,
      "obsidian42-brat:BRAT": false,
      "periodic-para:Periodic PARA": false,
      "easy-toggle-sidebars:autoHide switcher": false,
      "obsidian-omnivore:Omnivore": false,
      "obsidian-local-images-plus:Local Images Plus  0.15.9\r\nLocalize attachments (plugin folder)": false,
      "obsidian-book-search-plugin:Create new book note": false,
      "homepage:Open homepage": false
    }
  },
  "active": "dd17084d328e1b5b",
  "lastOpenFiles": [
    "index.md",
    "03 Resources/Videos/Videos.md",
    "03 Resources/03 Resources.md",
    "02 Areas/index.md",
    "_bin/templates/folder note template.md",
    "02 Areas/02 Areas.md",
    "01 Projects/01 Projects.md",
    "03 Resources/Articles/Articles.md",
    "03 Resources/Books/Books.md",
    "03 Resources/Books/The Power of Now - Eckhart Tolle.md",
    "03 Resources/Podcasts/Podcasts.md",
    "04 Archives/index.md",
    "_inbox/_inbox.md",
    "05 Canvas/05 Canvas.md",
    "00 Journal/00 Journal.md",
    "05 Canvas/index.md",
    "01 Projects/index.md",
    "03 Resources/index.md",
    "04 Archives/04 Archives.md",
    "03 Resources/Podcasts/index.md",
    "03 Resources/Videos/index.md",
    "03 Resources/Books/index.md",
    "03 Resources/Articles/index.md",
    "04 Archives/04 Archives.README.md",
    "05 Canvas/05 Canvas.README.md",
    "03 Resources/Videos",
    "_bin/images/The Power of Now - Eckhart Tolle/2776ea0fc149c7b8ebb22ce33431c0c8_MD5.jpg",
    "_bin/images/The Power of Now - Eckhart Tolle",
    "03 Resources/Books",
    "05 Canvas",
    "05 Express",
    "_inbox",
    "00 Journal/2024/Monthly",
    "00 Journal/2024/Daily/02",
    "00 Journal/2024/Daily",
    "00 Journal/2024"
  ]
}